,latitude,longitude,state,report_date,coords,index_right,lga_code,lga_name,population
0,-37.6765,145.8943,VIC,2023-03-04,POINT (145.8943 -37.6765),275,27450,Yarra Ranges (S),144541
19,-37.896107,145.42506,VIC,2022-12-11,POINT (145.42506 -37.896107),275,27450,Yarra Ranges (S),144541
28,-37.817253,145.30528,VIC,2022-11-08,POINT (145.30528 -37.817253),275,27450,Yarra Ranges (S),144541
106,-37.818157,145.35585,VIC,2022-12-12,POINT (145.35585 -37.818157),275,27450,Yarra Ranges (S),144541
139,-37.63624,145.4923,VIC,2022-12-11,POINT (145.4923 -37.63624),275,27450,Yarra Ranges (S),144541
158,-37.787766,145.3294,VIC,2023-01-17,POINT (145.3294 -37.787766),275,27450,Yarra Ranges (S),144541
159,-37.705727,145.82602,VIC,2022-11-13,POINT (145.82602 -37.705727),275,27450,Yarra Ranges (S),144541
239,-37.904358,145.42403,VIC,2022-12-11,POINT (145.42403 -37.904358),275,27450,Yarra Ranges (S),144541
322,-37.949566,145.32906,VIC,2022-12-12,POINT (145.32906 -37.949566),275,27450,Yarra Ranges (S),144541
360,-37.716564,145.34254,VIC,2022-12-11,POINT (145.34254 -37.716564),275,27450,Yarra Ranges (S),144541
395,-37.757065,145.42172,VIC,2023-02-24,POINT (145.42172 -37.757065),275,27450,Yarra Ranges (S),144541
404,-37.966175,145.30396,VIC,2023-03-04,POINT (145.30396 -37.966175),275,27450,Yarra Ranges (S),144541
427,-37.80645,145.30801,VIC,2022-11-13,POINT (145.30801 -37.80645),275,27450,Yarra Ranges (S),144541
431,-37.785053,145.311,VIC,2022-12-07,POINT (145.311 -37.785053),275,27450,Yarra Ranges (S),144541
444,-37.6765,145.8943,VIC,2023-02-27,POINT (145.8943 -37.6765),275,27450,Yarra Ranges (S),144541
486,-37.80645,145.30801,VIC,2022-11-08,POINT (145.30801 -37.80645),275,27450,Yarra Ranges (S),144541
549,-37.785667,145.52658,VIC,2022-12-11,POINT (145.52658 -37.785667),275,27450,Yarra Ranges (S),144541
579,-37.894802,145.43892,VIC,2022-12-11,POINT (145.43892 -37.894802),275,27450,Yarra Ranges (S),144541
591,-37.818214,145.35208,VIC,2022-12-12,POINT (145.35208 -37.818214),275,27450,Yarra Ranges (S),144541
594,-37.912926,145.3548,VIC,2022-12-17,POINT (145.3548 -37.912926),275,27450,Yarra Ranges (S),144541
629,-37.908993,145.44264,VIC,2022-12-11,POINT (145.44264 -37.908993),275,27450,Yarra Ranges (S),144541
658,-37.90046,145.41759,VIC,2022-12-11,POINT (145.41759 -37.90046),275,27450,Yarra Ranges (S),144541
1,-38.134556,145.33496,VIC,2022-12-12,POINT (145.33496 -38.134556),24,21610,Casey (C),252382
79,-38.042896,145.34126,VIC,2022-11-23,POINT (145.34126 -38.042896),24,21610,Casey (C),252382
86,-38.080025,145.25832,VIC,2022-12-18,POINT (145.25832 -38.080025),24,21610,Casey (C),252382
95,-38.025173,145.25926,VIC,2023-02-23,POINT (145.25926 -38.025173),24,21610,Casey (C),252382
216,-38.02823,145.25499,VIC,2022-12-17,POINT (145.25499 -38.02823),24,21610,Casey (C),252382
233,-38.07989,145.32802,VIC,2023-01-16,POINT (145.32802 -38.07989),24,21610,Casey (C),252382
256,-38.038387,145.36298,VIC,2023-01-17,POINT (145.36298 -38.038387),24,21610,Casey (C),252382
268,-38.053722,145.3161,VIC,2022-12-05,POINT (145.3161 -38.053722),24,21610,Casey (C),252382
330,-38.08917,145.3436,VIC,2022-12-07,POINT (145.3436 -38.08917),24,21610,Casey (C),252382
333,-38.006615,145.27245,VIC,2023-01-17,POINT (145.27245 -38.006615),24,21610,Casey (C),252382
375,-38.13246,145.32639,VIC,2022-11-23,POINT (145.32639 -38.13246),24,21610,Casey (C),252382
400,-38.031006,145.26114,VIC,2023-02-23,POINT (145.26114 -38.031006),24,21610,Casey (C),252382
407,-38.041885,145.2797,VIC,2022-12-12,POINT (145.2797 -38.041885),24,21610,Casey (C),252382
552,-38.10069,145.30962,VIC,2023-02-23,POINT (145.30962 -38.10069),24,21610,Casey (C),252382
577,-38.050205,145.34848,VIC,2023-02-23,POINT (145.34848 -38.050205),24,21610,Casey (C),252382
580,-38.09376,145.33391,VIC,2022-12-12,POINT (145.33391 -38.09376),24,21610,Casey (C),252382
582,-38.02009,145.27385,VIC,2023-01-17,POINT (145.27385 -38.02009),24,21610,Casey (C),252382
2,-28.37765,151.49335,QLD,2023-01-18,POINT (151.49335 -28.37765),357,33610,Goondiwindi (R),10628
53,-28.852215,151.27399,QLD,2023-01-17,POINT (151.27399 -28.852215),357,33610,Goondiwindi (R),10628
65,-28.852215,151.27399,QLD,2023-01-18,POINT (151.27399 -28.852215),357,33610,Goondiwindi (R),10628
156,-27.85551,150.44313,QLD,2022-12-18,POINT (150.44313 -27.85551),357,33610,Goondiwindi (R),10628
207,-28.491446,150.89125,QLD,2022-12-18,POINT (150.89125 -28.491446),357,33610,Goondiwindi (R),10628
247,-28.605705,148.97878,QLD,2022-12-18,POINT (148.97878 -28.605705),357,33610,Goondiwindi (R),10628
270,-28.37765,151.49335,QLD,2023-01-23,POINT (151.49335 -28.37765),357,33610,Goondiwindi (R),10628
278,-28.492783,150.90164,QLD,2022-12-18,POINT (150.90164 -28.492783),357,33610,Goondiwindi (R),10628
288,-27.85551,150.44313,QLD,2022-12-17,POINT (150.44313 -27.85551),357,33610,Goondiwindi (R),10628
299,-28.428587,151.3522,QLD,2022-12-18,POINT (151.3522 -28.428587),357,33610,Goondiwindi (R),10628
331,-28.491446,150.89125,QLD,2022-12-17,POINT (150.89125 -28.491446),357,33610,Goondiwindi (R),10628
501,-28.534653,150.86012,QLD,2023-02-25,POINT (150.86012 -28.534653),357,33610,Goondiwindi (R),10628
517,-28.428587,151.3522,QLD,2022-12-17,POINT (151.3522 -28.428587),357,33610,Goondiwindi (R),10628
559,-28.492783,150.90164,QLD,2022-12-17,POINT (150.90164 -28.492783),357,33610,Goondiwindi (R),10628
575,-28.33987,151.50739,QLD,2023-01-16,POINT (151.50739 -28.33987),357,33610,Goondiwindi (R),10628
660,-28.33987,151.50739,QLD,2023-01-17,POINT (151.50739 -28.33987),357,33610,Goondiwindi (R),10628
679,-28.33987,151.50739,QLD,2023-01-18,POINT (151.50739 -28.33987),357,33610,Goondiwindi (R),10628
3,-37.558475,144.81235,VIC,2023-02-23,POINT (144.81235 -37.558475),88,23270,Hume (C),167562
26,-37.589878,144.71524,VIC,2022-12-08,POINT (144.71524 -37.589878),88,23270,Hume (C),167562
89,-37.558475,144.81235,VIC,2023-02-25,POINT (144.81235 -37.558475),88,23270,Hume (C),167562
98,-37.558475,144.81235,VIC,2023-02-24,POINT (144.81235 -37.558475),88,23270,Hume (C),167562
226,-37.592342,144.9174,VIC,2023-02-25,POINT (144.9174 -37.592342),88,23270,Hume (C),167562
279,-37.610397,144.90202,VIC,2023-02-23,POINT (144.90202 -37.610397),88,23270,Hume (C),167562
348,-37.65487,144.88362,VIC,2022-12-17,POINT (144.88362 -37.65487),88,23270,Hume (C),167562
443,-37.579235,144.92084,VIC,2023-02-23,POINT (144.92084 -37.579235),88,23270,Hume (C),167562
459,-37.57717,144.69885,VIC,2022-12-17,POINT (144.69885 -37.57717),88,23270,Hume (C),167562
526,-37.55001,144.6929,VIC,2023-02-23,POINT (144.6929 -37.55001),88,23270,Hume (C),167562
666,-37.560574,144.69406,VIC,2023-02-24,POINT (144.69406 -37.560574),88,23270,Hume (C),167562
4,-38.10903,145.13391,VIC,2022-11-13,POINT (145.13391 -38.10903),32,22170,Frankston (C),126458
88,-38.145332,145.1719,VIC,2023-02-23,POINT (145.1719 -38.145332),32,22170,Frankston (C),126458
136,-38.16335,145.19464,VIC,2023-02-25,POINT (145.19464 -38.16335),32,22170,Frankston (C),126458
234,-38.150715,145.12967,VIC,2022-11-23,POINT (145.12967 -38.150715),32,22170,Frankston (C),126458
302,-38.123672,145.13655,VIC,2022-12-17,POINT (145.13655 -38.123672),32,22170,Frankston (C),126458
327,-38.119896,145.1252,VIC,2022-11-23,POINT (145.1252 -38.119896),32,22170,Frankston (C),126458
356,-38.123722,145.13634,VIC,2022-12-17,POINT (145.13634 -38.123722),32,22170,Frankston (C),126458
429,-38.118042,145.156,VIC,2023-02-25,POINT (145.156 -38.118042),32,22170,Frankston (C),126458
498,-38.16392,145.11296,VIC,2023-02-23,POINT (145.11296 -38.16392),32,22170,Frankston (C),126458
499,-38.10903,145.13391,VIC,2022-11-08,POINT (145.13391 -38.10903),32,22170,Frankston (C),126458
5,-38.22901,146.40706,VIC,2023-03-04,POINT (146.40706 -38.22901),82,23810,Latrobe (C),72396
55,-38.229202,146.4074,VIC,2023-03-04,POINT (146.4074 -38.229202),82,23810,Latrobe (C),72396
273,-38.228096,146.43184,VIC,2023-02-27,POINT (146.43184 -38.228096),82,23810,Latrobe (C),72396
314,-38.18798,146.25002,VIC,2022-12-06,POINT (146.25002 -38.18798),82,23810,Latrobe (C),72396
421,-38.229702,146.42786,VIC,2023-02-23,POINT (146.42786 -38.229702),82,23810,Latrobe (C),72396
554,-38.198383,146.539,VIC,2022-12-05,POINT (146.539 -38.198383),82,23810,Latrobe (C),72396
588,-38.205452,146.52115,VIC,2023-02-24,POINT (146.52115 -38.205452),82,23810,Latrobe (C),72396
590,-38.196857,146.53369,VIC,2022-12-08,POINT (146.53369 -38.196857),82,23810,Latrobe (C),72396
622,-38.314537,146.40872,VIC,2022-12-11,POINT (146.40872 -38.314537),82,23810,Latrobe (C),72396
6,-34.462013,142.15294,VIC,2022-12-07,POINT (142.15294 -34.462013),129,24780,Mildura (RC),50979
51,-34.462013,142.15294,VIC,2022-12-08,POINT (142.15294 -34.462013),129,24780,Mildura (RC),50979
145,-34.307346,142.19035,VIC,2023-02-27,POINT (142.19035 -34.307346),129,24780,Mildura (RC),50979
164,-34.235043,142.16115,VIC,2022-11-24,POINT (142.16115 -34.235043),129,24780,Mildura (RC),50979
328,-34.462013,142.15294,VIC,2022-12-05,POINT (142.15294 -34.462013),129,24780,Mildura (RC),50979
469,-34.22633,142.1594,VIC,2022-12-02,POINT (142.1594 -34.22633),129,24780,Mildura (RC),50979
494,-34.462013,142.15294,VIC,2022-12-06,POINT (142.15294 -34.462013),129,24780,Mildura (RC),50979
589,-34.196194,142.13783,VIC,2023-02-24,POINT (142.13783 -34.196194),129,24780,Mildura (RC),50979
627,-34.187252,142.08238,VIC,2022-12-05,POINT (142.08238 -34.187252),129,24780,Mildura (RC),50979
642,-34.256763,142.2208,VIC,2023-02-27,POINT (142.2208 -34.256763),129,24780,Mildura (RC),50979
671,-34.22635,142.1022,VIC,2022-12-11,POINT (142.1022 -34.22635),129,24780,Mildura (RC),50979
7,-37.55497,148.9403,VIC,2022-12-11,POINT (148.9403 -37.55497),51,22110,East Gippsland (S),42196
185,-37.67986,147.85797,VIC,2022-12-17,POINT (147.85797 -37.67986),51,22110,East Gippsland (S),42196
435,-36.7218,147.6417,VIC,2023-01-17,POINT (147.6417 -36.7218),51,22110,East Gippsland (S),42196
472,-37.82386,147.63162,VIC,2023-01-23,POINT (147.63162 -37.82386),51,22110,East Gippsland (S),42196
505,-37.71156,148.65967,VIC,2023-02-25,POINT (148.65967 -37.71156),51,22110,East Gippsland (S),42196
631,-36.7218,147.6417,VIC,2023-01-18,POINT (147.6417 -36.7218),51,22110,East Gippsland (S),42196
639,-37.69015,148.62427,VIC,2023-01-16,POINT (148.62427 -37.69015),51,22110,East Gippsland (S),42196
8,-36.67115,144.3785,VIC,2022-12-17,POINT (144.3785 -36.67115),61,22620,Greater Bendigo (C),100617
44,-36.8052,144.2481,VIC,2023-02-25,POINT (144.2481 -36.8052),61,22620,Greater Bendigo (C),100617
56,-36.7958,144.49692,VIC,2022-12-11,POINT (144.49692 -36.7958),61,22620,Greater Bendigo (C),100617
58,-36.8052,144.2481,VIC,2023-02-23,POINT (144.2481 -36.8052),61,22620,Greater Bendigo (C),100617
260,-36.722374,144.25893,VIC,2023-02-23,POINT (144.25893 -36.722374),61,22620,Greater Bendigo (C),100617
265,-36.8052,144.2481,VIC,2023-02-27,POINT (144.2481 -36.8052),61,22620,Greater Bendigo (C),100617
373,-36.79,144.24258,VIC,2022-12-11,POINT (144.24258 -36.79),61,22620,Greater Bendigo (C),100617
374,-36.495598,144.60779,VIC,2022-12-11,POINT (144.60779 -36.495598),61,22620,Greater Bendigo (C),100617
403,-36.8052,144.2481,VIC,2023-03-04,POINT (144.2481 -36.8052),61,22620,Greater Bendigo (C),100617
576,-36.7826,144.1313,VIC,2023-01-17,POINT (144.1313 -36.7826),61,22620,Greater Bendigo (C),100617
586,-36.71014,144.25014,VIC,2022-12-06,POINT (144.25014 -36.71014),61,22620,Greater Bendigo (C),100617
605,-36.71182,144.28473,VIC,2022-12-17,POINT (144.28473 -36.71182),61,22620,Greater Bendigo (C),100617
625,-36.8052,144.2481,VIC,2023-02-24,POINT (144.2481 -36.8052),61,22620,Greater Bendigo (C),100617
9,-36.14257,144.75526,VIC,2022-12-18,POINT (144.75526 -36.14257),22,21370,Campaspe (S),36365
14,-36.596733,145.02827,VIC,2023-01-23,POINT (145.02827 -36.596733),22,21370,Campaspe (S),36365
59,-36.55426,144.61763,VIC,2023-02-25,POINT (144.61763 -36.55426),22,21370,Campaspe (S),36365
160,-36.46509,144.90959,VIC,2023-03-04,POINT (144.90959 -36.46509),22,21370,Campaspe (S),36365
254,-36.596733,145.02827,VIC,2023-01-16,POINT (145.02827 -36.596733),22,21370,Campaspe (S),36365
334,-36.596733,145.02827,VIC,2023-01-18,POINT (145.02827 -36.596733),22,21370,Campaspe (S),36365
349,-36.596733,145.02827,VIC,2023-01-17,POINT (145.02827 -36.596733),22,21370,Campaspe (S),36365
378,-36.551697,144.61014,VIC,2023-02-24,POINT (144.61014 -36.551697),22,21370,Campaspe (S),36365
506,-36.311367,145.03453,VIC,2022-12-07,POINT (145.03453 -36.311367),22,21370,Campaspe (S),36365
620,-36.551697,144.61014,VIC,2023-02-25,POINT (144.61014 -36.551697),22,21370,Campaspe (S),36365
651,-36.31183,144.98128,VIC,2022-12-18,POINT (144.98128 -36.31183),22,21370,Campaspe (S),36365
705,-36.469887,144.93193,VIC,2022-12-06,POINT (144.93193 -36.469887),22,21370,Campaspe (S),36365
10,-37.6839,144.58171,VIC,2023-02-24,POINT (144.58171 -37.6839),128,24650,Melton (S),109259
54,-37.798866,144.73918,VIC,2023-02-23,POINT (144.73918 -37.798866),128,24650,Melton (S),109259
168,-37.684315,144.56818,VIC,2022-12-11,POINT (144.56818 -37.684315),128,24650,Melton (S),109259
175,-37.68317,144.57036,VIC,2022-12-07,POINT (144.57036 -37.68317),128,24650,Melton (S),109259
264,-37.723083,144.56087,VIC,2023-02-24,POINT (144.56087 -37.723083),128,24650,Melton (S),109259
339,-37.717934,144.67065,VIC,2022-12-11,POINT (144.67065 -37.717934),128,24650,Melton (S),109259
448,-37.66195,144.73418,VIC,2023-02-24,POINT (144.73418 -37.66195),128,24650,Melton (S),109259
561,-37.710274,144.74995,VIC,2022-12-17,POINT (144.74995 -37.710274),128,24650,Melton (S),109259
648,-37.70882,144.75487,VIC,2023-02-25,POINT (144.75487 -37.70882),128,24650,Melton (S),109259
676,-37.801945,144.74414,VIC,2022-11-24,POINT (144.74414 -37.801945),128,24650,Melton (S),109259
682,-37.707516,144.57706,VIC,2022-12-11,POINT (144.57706 -37.707516),128,24650,Melton (S),109259
11,-25.63465,151.61989,QLD,2022-12-05,POINT (151.61989 -25.63465),385,35760,North Burnett (R),10143
83,-25.18827,151.61377,QLD,2022-11-24,POINT (151.61377 -25.18827),385,35760,North Burnett (R),10143
306,-25.18827,151.61377,QLD,2022-11-23,POINT (151.61377 -25.18827),385,35760,North Burnett (R),10143
12,-35.34268,143.54291,VIC,2022-12-05,POINT (143.54291 -35.34268),229,26610,Swan Hill (RC),20449
696,-35.336792,143.5333,VIC,2023-01-16,POINT (143.5333 -35.336792),229,26610,Swan Hill (RC),20449
13,-27.566395,153.24161,QLD,2022-12-18,POINT (153.24161 -27.566395),391,36250,Redland (C),138666
121,-27.584488,153.22331,QLD,2022-12-05,POINT (153.22331 -27.584488),391,36250,Redland (C),138666
294,-27.607834,153.30174,QLD,2022-11-23,POINT (153.30174 -27.607834),391,36250,Redland (C),138666
15,-26.557924,152.98457,QLD,2022-11-23,POINT (152.98457 -26.557924),395,36710,Sunshine Coast (R),306909
24,-26.55175,152.90923,QLD,2022-11-24,POINT (152.90923 -26.55175),395,36710,Sunshine Coast (R),306909
42,-26.915138,152.99591,QLD,2022-11-08,POINT (152.99591 -26.915138),395,36710,Sunshine Coast (R),306909
97,-26.55175,152.90923,QLD,2022-11-23,POINT (152.90923 -26.55175),395,36710,Sunshine Coast (R),306909
583,-26.351225,152.90936,QLD,2022-11-08,POINT (152.90936 -26.351225),395,36710,Sunshine Coast (R),306909
593,-26.63288,153.0054,QLD,2022-12-17,POINT (153.0054 -26.63288),395,36710,Sunshine Coast (R),306909
16,-37.7103,144.3035,VIC,2023-02-23,POINT (144.3035 -37.7103),188,25150,Moorabool (S),28124
23,-37.68316,144.48347,VIC,2023-03-04,POINT (144.48347 -37.68316),188,25150,Moorabool (S),28124
415,-37.568134,144.10489,VIC,2022-12-05,POINT (144.10489 -37.568134),188,25150,Moorabool (S),28124
440,-37.7103,144.3035,VIC,2023-02-24,POINT (144.3035 -37.7103),188,25150,Moorabool (S),28124
524,-37.79006,144.43921,VIC,2022-12-17,POINT (144.43921 -37.79006),188,25150,Moorabool (S),28124
574,-37.68791,144.4425,VIC,2022-12-12,POINT (144.4425 -37.68791),188,25150,Moorabool (S),28124
700,-37.7103,144.3035,VIC,2023-02-25,POINT (144.3035 -37.7103),188,25150,Moorabool (S),28124
17,-27.625357,150.66032,QLD,2023-03-04,POINT (150.66032 -27.625357),417,37310,Western Downs (R),31590
64,-26.61276,150.54005,QLD,2022-12-18,POINT (150.54005 -26.61276),417,37310,Western Downs (R),31590
66,-27.391258,150.30415,QLD,2023-01-18,POINT (150.30415 -27.391258),417,37310,Western Downs (R),31590
74,-26.371878,150.17863,QLD,2023-02-24,POINT (150.17863 -26.371878),417,37310,Western Downs (R),31590
87,-27.261662,150.90839,QLD,2023-01-16,POINT (150.90839 -27.261662),417,37310,Western Downs (R),31590
140,-26.609749,150.16914,QLD,2023-02-25,POINT (150.16914 -26.609749),417,37310,Western Downs (R),31590
142,-27.954823,149.50998,QLD,2023-02-22,POINT (149.50998 -27.954823),417,37310,Western Downs (R),31590
148,-27.068233,150.433,QLD,2022-12-18,POINT (150.433 -27.068233),417,37310,Western Downs (R),31590
182,-27.280605,150.66872,QLD,2023-01-18,POINT (150.66872 -27.280605),417,37310,Western Downs (R),31590
189,-27.07056,150.45201,QLD,2022-11-23,POINT (150.45201 -27.07056),417,37310,Western Downs (R),31590
197,-27.07056,150.45201,QLD,2022-11-24,POINT (150.45201 -27.07056),417,37310,Western Downs (R),31590
205,-26.37357,150.29247,QLD,2022-12-18,POINT (150.29247 -26.37357),417,37310,Western Downs (R),31590
252,-26.37357,150.29247,QLD,2022-12-17,POINT (150.29247 -26.37357),417,37310,Western Downs (R),31590
275,-26.568031,150.936,QLD,2022-12-07,POINT (150.936 -26.568031),417,37310,Western Downs (R),31590
313,-27.003126,150.75304,QLD,2023-02-25,POINT (150.75304 -27.003126),417,37310,Western Downs (R),31590
350,-27.954823,149.50998,QLD,2023-02-23,POINT (149.50998 -27.954823),417,37310,Western Downs (R),31590
388,-26.537552,150.23254,QLD,2023-02-23,POINT (150.23254 -26.537552),417,37310,Western Downs (R),31590
405,-26.568031,150.936,QLD,2022-12-08,POINT (150.936 -26.568031),417,37310,Western Downs (R),31590
454,-27.046677,150.36607,QLD,2022-12-17,POINT (150.36607 -27.046677),417,37310,Western Downs (R),31590
491,-26.609749,150.16914,QLD,2023-02-24,POINT (150.16914 -26.609749),417,37310,Western Downs (R),31590
492,-27.954823,149.50998,QLD,2023-02-25,POINT (149.50998 -27.954823),417,37310,Western Downs (R),31590
503,-26.537552,150.23254,QLD,2023-02-22,POINT (150.23254 -26.537552),417,37310,Western Downs (R),31590
534,-27.07442,150.14815,QLD,2023-02-27,POINT (150.14815 -27.07442),417,37310,Western Downs (R),31590
539,-27.038704,150.4076,QLD,2022-12-17,POINT (150.4076 -27.038704),417,37310,Western Downs (R),31590
543,-26.609749,150.16914,QLD,2023-02-27,POINT (150.16914 -26.609749),417,37310,Western Downs (R),31590
547,-26.371878,150.17863,QLD,2023-02-23,POINT (150.17863 -26.371878),417,37310,Western Downs (R),31590
553,-27.954823,149.50998,QLD,2023-02-24,POINT (149.50998 -27.954823),417,37310,Western Downs (R),31590
592,-26.61276,150.54005,QLD,2022-12-17,POINT (150.54005 -26.61276),417,37310,Western Downs (R),31590
599,-27.07442,150.14815,QLD,2023-03-04,POINT (150.14815 -27.07442),417,37310,Western Downs (R),31590
601,-27.046677,150.36607,QLD,2022-12-11,POINT (150.36607 -27.046677),417,37310,Western Downs (R),31590
653,-26.609749,150.16914,QLD,2023-02-22,POINT (150.16914 -26.609749),417,37310,Western Downs (R),31590
661,-27.050896,151.54674,QLD,2023-01-23,POINT (151.54674 -27.050896),417,37310,Western Downs (R),31590
673,-27.076035,151.34123,QLD,2022-12-12,POINT (151.34123 -27.076035),417,37310,Western Downs (R),31590
678,-27.046677,150.36607,QLD,2022-12-12,POINT (150.36607 -27.046677),417,37310,Western Downs (R),31590
694,-27.046677,150.36607,QLD,2022-12-18,POINT (150.36607 -27.046677),417,37310,Western Downs (R),31590
18,-26.386604,146.26428,QLD,2022-12-08,POINT (146.26428 -26.386604),383,35600,Murweh (S),4619
656,-26.421667,146.25278,QLD,2022-12-05,POINT (146.25278 -26.421667),383,35600,Murweh (S),4619
20,-36.998074,145.86395,VIC,2022-12-17,POINT (145.86395 -36.998074),124,24250,Mansfield (S),7893
21,-37.983868,145.20554,VIC,2023-01-16,POINT (145.20554 -37.983868),54,22670,Greater Dandenong (C),135605
69,-38.02904,145.20247,VIC,2023-02-23,POINT (145.20247 -38.02904),54,22670,Greater Dandenong (C),135605
143,-38.02307,145.22417,VIC,2023-02-23,POINT (145.22417 -38.02307),54,22670,Greater Dandenong (C),135605
147,-37.967896,145.18715,VIC,2022-12-05,POINT (145.18715 -37.967896),54,22670,Greater Dandenong (C),135605
218,-37.959267,145.2111,VIC,2022-11-08,POINT (145.2111 -37.959267),54,22670,Greater Dandenong (C),135605
258,-37.979,145.2217,VIC,2022-12-05,POINT (145.2217 -37.979),54,22670,Greater Dandenong (C),135605
259,-37.96808,145.18692,VIC,2022-12-05,POINT (145.18692 -37.96808),54,22670,Greater Dandenong (C),135605
287,-37.98283,145.15099,VIC,2022-12-11,POINT (145.15099 -37.98283),54,22670,Greater Dandenong (C),135605
307,-37.991646,145.21529,VIC,2023-02-27,POINT (145.21529 -37.991646),54,22670,Greater Dandenong (C),135605
392,-37.993977,145.17326,VIC,2022-12-11,POINT (145.17326 -37.993977),54,22670,Greater Dandenong (C),135605
402,-37.948895,145.1735,VIC,2023-02-24,POINT (145.1735 -37.948895),54,22670,Greater Dandenong (C),135605
447,-38.023167,145.20969,VIC,2023-01-18,POINT (145.20969 -38.023167),54,22670,Greater Dandenong (C),135605
467,-37.965683,145.1788,VIC,2023-02-24,POINT (145.1788 -37.965683),54,22670,Greater Dandenong (C),135605
490,-37.99886,145.21553,VIC,2023-02-23,POINT (145.21553 -37.99886),54,22670,Greater Dandenong (C),135605
578,-37.97869,145.22195,VIC,2022-12-05,POINT (145.22195 -37.97869),54,22670,Greater Dandenong (C),135605
22,-37.743904,145.23714,VIC,2023-01-17,POINT (145.23714 -37.743904),123,24210,Manningham (C),111300
181,-37.744526,145.21198,VIC,2022-12-11,POINT (145.21198 -37.744526),123,24210,Manningham (C),111300
393,-37.747,145.17615,VIC,2023-01-18,POINT (145.17615 -37.747),123,24210,Manningham (C),111300
706,-37.740875,145.27733,VIC,2022-12-11,POINT (145.27733 -37.740875),123,24210,Manningham (C),111300
25,-38.323395,144.33008,VIC,2022-12-05,POINT (144.33008 -38.323395),209,26490,Surf Coast (S),25870
161,-38.335777,144.30852,VIC,2022-12-06,POINT (144.30852 -38.335777),209,26490,Surf Coast (S),25870
238,-38.3302,144.077,VIC,2022-12-11,POINT (144.077 -38.3302),209,26490,Surf Coast (S),25870
324,-38.437954,144.12479,VIC,2023-01-16,POINT (144.12479 -38.437954),209,26490,Surf Coast (S),25870
27,-23.252665,150.67729,QLD,2022-12-11,POINT (150.67729 -23.252665),393,36360,Rockhampton (R),109336
68,-22.89509,150.10805,QLD,2023-01-23,POINT (150.10805 -22.89509),393,36360,Rockhampton (R),109336
105,-23.294006,150.52113,QLD,2022-12-06,POINT (150.52113 -23.294006),393,36360,Rockhampton (R),109336
131,-23.673788,150.59857,QLD,2022-12-17,POINT (150.59857 -23.673788),393,36360,Rockhampton (R),109336
251,-23.105383,150.66414,QLD,2022-12-11,POINT (150.66414 -23.105383),393,36360,Rockhampton (R),109336
366,-23.118422,150.66333,QLD,2022-12-11,POINT (150.66333 -23.118422),393,36360,Rockhampton (R),109336
538,-23.284742,150.80362,QLD,2022-12-11,POINT (150.80362 -23.284742),393,36360,Rockhampton (R),109336
674,-23.614162,150.1593,QLD,2022-12-12,POINT (150.1593 -23.614162),393,36360,Rockhampton (R),109336
29,-18.200089,142.87437,QLD,2022-11-08,POINT (142.87437 -18.200089),324,33100,Etheridge (S),893
177,-18.536224,144.01407,QLD,2023-03-04,POINT (144.01407 -18.536224),324,33100,Etheridge (S),893
445,-19.009027,143.55836,QLD,2022-12-18,POINT (143.55836 -19.009027),324,33100,Etheridge (S),893
560,-19.009027,143.55836,QLD,2022-12-17,POINT (143.55836 -19.009027),324,33100,Etheridge (S),893
600,-18.225588,144.67053,QLD,2023-03-04,POINT (144.67053 -18.225588),324,33100,Etheridge (S),893
30,-23.857552,148.12468,QLD,2023-03-04,POINT (148.12468 -23.857552),310,32270,Central Highlands (R),28715
31,-36.546635,145.98303,VIC,2022-12-11,POINT (145.98303 -36.546635),7,21010,Benalla (RC),13647
194,-36.5474,145.98204,VIC,2023-01-17,POINT (145.98204 -36.5474),7,21010,Benalla (RC),13647
263,-36.535057,145.98051,VIC,2023-02-23,POINT (145.98051 -36.535057),7,21010,Benalla (RC),13647
357,-36.48436,146.012,VIC,2023-01-17,POINT (146.012 -36.48436),7,21010,Benalla (RC),13647
32,-37.667747,145.10281,VIC,2022-12-12,POINT (145.10281 -37.667747),199,25710,Nillumbik (S),60342
284,-37.71248,145.14969,VIC,2023-02-23,POINT (145.14969 -37.71248),199,25710,Nillumbik (S),60342
537,-37.57687,145.19545,VIC,2022-12-08,POINT (145.19545 -37.57687),199,25710,Nillumbik (S),60342
585,-37.677998,145.15762,VIC,2022-12-05,POINT (145.15762 -37.677998),199,25710,Nillumbik (S),60342
33,-13.257236,142.82765,QLD,2022-11-08,POINT (142.82765 -13.257236),320,32500,Cook (S),4152
138,-14.571389,143.0236,QLD,2022-12-07,POINT (143.0236 -14.571389),320,32500,Cook (S),4152
212,-12.739181,143.25352,QLD,2022-12-08,POINT (143.25352 -12.739181),320,32500,Cook (S),4152
240,-15.701471,145.2261,QLD,2022-12-11,POINT (145.2261 -15.701471),320,32500,Cook (S),4152
359,-15.679804,145.21115,QLD,2022-12-11,POINT (145.21115 -15.679804),320,32500,Cook (S),4152
518,-15.679804,145.21115,QLD,2022-12-17,POINT (145.21115 -15.679804),320,32500,Cook (S),4152
603,-15.679804,145.21115,QLD,2022-12-12,POINT (145.21115 -15.679804),320,32500,Cook (S),4152
657,-14.571389,143.0236,QLD,2022-12-08,POINT (143.0236 -14.571389),320,32500,Cook (S),4152
693,-12.739181,143.25352,QLD,2022-12-07,POINT (143.25352 -12.739181),320,32500,Cook (S),4152
34,-36.378555,145.33142,VIC,2022-11-23,POINT (145.33142 -36.378555),56,22830,Greater Shepparton (C),60449
209,-36.572437,145.22281,VIC,2023-02-24,POINT (145.22281 -36.572437),56,22830,Greater Shepparton (C),60449
217,-36.357292,145.40732,VIC,2022-11-08,POINT (145.40732 -36.357292),56,22830,Greater Shepparton (C),60449
457,-36.48712,145.29562,VIC,2023-02-25,POINT (145.29562 -36.48712),56,22830,Greater Shepparton (C),60449
36,-38.267242,145.2041,VIC,2023-03-04,POINT (145.2041 -38.267242),190,25340,Mornington Peninsula (S),144608
104,-38.359913,144.88971,VIC,2022-11-30,POINT (144.88971 -38.359913),190,25340,Mornington Peninsula (S),144608
113,-38.267048,145.20485,VIC,2023-03-04,POINT (145.20485 -38.267048),190,25340,Mornington Peninsula (S),144608
118,-38.295902,145.17685,VIC,2023-02-24,POINT (145.17685 -38.295902),190,25340,Mornington Peninsula (S),144608
171,-38.255028,145.14644,VIC,2023-02-24,POINT (145.14644 -38.255028),190,25340,Mornington Peninsula (S),144608
187,-38.372704,144.89238,VIC,2022-12-17,POINT (144.89238 -38.372704),190,25340,Mornington Peninsula (S),144608
266,-38.295834,145.17827,VIC,2023-03-04,POINT (145.17827 -38.295834),190,25340,Mornington Peninsula (S),144608
412,-38.234486,145.05154,VIC,2023-02-27,POINT (145.05154 -38.234486),190,25340,Mornington Peninsula (S),144608
495,-38.28709,145.18402,VIC,2022-12-11,POINT (145.18402 -38.28709),190,25340,Mornington Peninsula (S),144608
566,-38.34605,145.17867,VIC,2022-12-03,POINT (145.17867 -38.34605),190,25340,Mornington Peninsula (S),144608
617,-38.254414,145.03835,VIC,2022-11-23,POINT (145.03835 -38.254414),190,25340,Mornington Peninsula (S),144608
621,-38.368984,144.8217,VIC,2023-02-25,POINT (144.8217 -38.368984),190,25340,Mornington Peninsula (S),144608
37,-17.716509,145.25291,QLD,2022-11-30,POINT (145.25291 -17.716509),396,36810,Tablelands (R),43727
82,-17.716509,145.25291,QLD,2022-11-23,POINT (145.25291 -17.716509),396,36810,Tablelands (R),43727
122,-16.951988,145.43109,QLD,2022-12-11,POINT (145.43109 -16.951988),396,36810,Tablelands (R),43727
153,-16.9183,145.39903,QLD,2022-12-06,POINT (145.39903 -16.9183),396,36810,Tablelands (R),43727
183,-17.638514,145.37724,QLD,2022-11-08,POINT (145.37724 -17.638514),396,36810,Tablelands (R),43727
204,-17.716509,145.25291,QLD,2022-11-24,POINT (145.25291 -17.716509),396,36810,Tablelands (R),43727
227,-17.433031,145.61856,QLD,2022-12-11,POINT (145.61856 -17.433031),396,36810,Tablelands (R),43727
250,-16.807503,145.58925,QLD,2022-12-11,POINT (145.58925 -16.807503),396,36810,Tablelands (R),43727
310,-17.154373,145.55095,QLD,2022-11-23,POINT (145.55095 -17.154373),396,36810,Tablelands (R),43727
319,-17.154373,145.55095,QLD,2022-11-24,POINT (145.55095 -17.154373),396,36810,Tablelands (R),43727
423,-17.68907,145.14758,QLD,2022-12-06,POINT (145.14758 -17.68907),396,36810,Tablelands (R),43727
562,-17.047356,145.44902,QLD,2022-11-08,POINT (145.44902 -17.047356),396,36810,Tablelands (R),43727
573,-17.716509,145.25291,QLD,2022-12-02,POINT (145.25291 -17.716509),396,36810,Tablelands (R),43727
604,-16.515682,145.18484,QLD,2022-12-17,POINT (145.18484 -16.515682),396,36810,Tablelands (R),43727
664,-16.986622,145.55855,QLD,2022-12-12,POINT (145.55855 -16.986622),396,36810,Tablelands (R),43727
38,-20.485798,148.60304,QLD,2022-12-11,POINT (148.60304 -20.485798),418,37340,Whitsunday (R),31426
92,-19.990292,148.26476,QLD,2022-12-11,POINT (148.26476 -19.990292),418,37340,Whitsunday (R),31426
39,-28.026676,151.05885,QLD,2023-01-16,POINT (151.05885 -28.026676),412,36910,Toowoomba (R),151189
103,-28.130684,151.18219,QLD,2023-03-04,POINT (151.18219 -28.130684),412,36910,Toowoomba (R),151189
111,-27.64995,150.8413,QLD,2023-02-24,POINT (150.8413 -27.64995),412,36910,Toowoomba (R),151189
126,-27.295732,151.85489,QLD,2022-12-12,POINT (151.85489 -27.295732),412,36910,Toowoomba (R),151189
527,-27.64995,150.8413,QLD,2023-02-25,POINT (150.8413 -27.64995),412,36910,Toowoomba (R),151189
568,-27.784819,152.0984,QLD,2023-01-16,POINT (152.0984 -27.784819),412,36910,Toowoomba (R),151189
40,-36.0178,146.6016,VIC,2023-01-16,POINT (146.6016 -36.0178),89,23350,Indigo (S),15178
151,-36.354424,146.67896,VIC,2023-02-23,POINT (146.67896 -36.354424),89,23350,Indigo (S),15178
354,-36.416676,146.72783,VIC,2023-03-04,POINT (146.72783 -36.416676),89,23350,Indigo (S),15178
496,-36.067226,146.20157,VIC,2022-12-18,POINT (146.20157 -36.067226),89,23350,Indigo (S),15178
535,-36.009914,146.4118,VIC,2022-12-05,POINT (146.4118 -36.009914),89,23350,Indigo (S),15178
570,-36.349693,146.69032,VIC,2023-02-24,POINT (146.69032 -36.349693),89,23350,Indigo (S),15178
43,-36.52876,143.79166,VIC,2023-02-24,POINT (143.79166 -36.52876),83,23940,Loddon (S),7459
193,-36.722,143.6481,VIC,2023-02-24,POINT (143.6481 -36.722),83,23940,Loddon (S),7459
235,-36.72232,143.64838,VIC,2023-02-24,POINT (143.64838 -36.72232),83,23940,Loddon (S),7459
244,-36.764786,144.00575,VIC,2023-01-17,POINT (144.00575 -36.764786),83,23940,Loddon (S),7459
286,-36.4117,143.7769,VIC,2022-11-30,POINT (143.7769 -36.4117),83,23940,Loddon (S),7459
45,-19.974714,138.49126,QLD,2022-11-24,POINT (138.49126 -19.974714),382,35300,Mount Isa (C),21237
272,-20.721855,139.49008,QLD,2022-11-23,POINT (139.49008 -20.721855),382,35300,Mount Isa (C),21237
305,-19.974714,138.49126,QLD,2022-11-23,POINT (138.49126 -19.974714),382,35300,Mount Isa (C),21237
321,-20.699038,139.47116,QLD,2022-12-12,POINT (139.47116 -20.699038),382,35300,Mount Isa (C),21237
424,-20.697313,139.4721,QLD,2022-12-11,POINT (139.4721 -20.697313),382,35300,Mount Isa (C),21237
475,-20.697313,139.4721,QLD,2022-12-12,POINT (139.4721 -20.697313),382,35300,Mount Isa (C),21237
672,-20.7184,139.50894,QLD,2022-12-11,POINT (139.50894 -20.7184),382,35300,Mount Isa (C),21237
692,-20.766367,139.49884,QLD,2022-12-05,POINT (139.49884 -20.766367),382,35300,Mount Isa (C),21237
46,-27.667398,153.03569,QLD,2022-12-07,POINT (153.03569 -27.667398),369,34590,Logan (C),278050
124,-27.739124,153.16681,QLD,2022-11-23,POINT (153.16681 -27.739124),369,34590,Logan (C),278050
394,-27.735554,152.98477,QLD,2023-01-18,POINT (152.98477 -27.735554),369,34590,Logan (C),278050
47,-37.069084,144.19826,VIC,2022-12-11,POINT (144.19826 -37.069084),196,25430,Mount Alexander (S),17591
48,-38.258774,145.76949,VIC,2023-02-23,POINT (145.76949 -38.258774),5,20830,Baw Baw (S),42864
117,-38.15903,145.93979,VIC,2022-11-08,POINT (145.93979 -38.15903),5,20830,Baw Baw (S),42864
172,-38.258774,145.76949,VIC,2023-02-24,POINT (145.76949 -38.258774),5,20830,Baw Baw (S),42864
229,-38.160397,146.20135,VIC,2023-01-17,POINT (146.20135 -38.160397),5,20830,Baw Baw (S),42864
257,-38.258774,145.76949,VIC,2023-02-25,POINT (145.76949 -38.258774),5,20830,Baw Baw (S),42864
383,-38.131226,145.84866,VIC,2023-02-24,POINT (145.84866 -38.131226),5,20830,Baw Baw (S),42864
493,-38.258774,145.76949,VIC,2023-02-27,POINT (145.76949 -38.258774),5,20830,Baw Baw (S),42864
584,-38.258774,145.76949,VIC,2023-03-04,POINT (145.76949 -38.258774),5,20830,Baw Baw (S),42864
49,-36.7688,143.5691,VIC,2023-02-24,POINT (143.5691 -36.7688),25,21670,Central Goldfields (S),12496
128,-36.7688,143.5691,VIC,2023-02-25,POINT (143.5691 -36.7688),25,21670,Central Goldfields (S),12496
342,-36.865448,143.71585,VIC,2023-03-04,POINT (143.71585 -36.865448),25,21670,Central Goldfields (S),12496
460,-37.051495,143.73856,VIC,2023-01-23,POINT (143.73856 -37.051495),25,21670,Central Goldfields (S),12496
521,-36.734257,143.66312,VIC,2023-02-24,POINT (143.66312 -36.734257),25,21670,Central Goldfields (S),12496
616,-37.048393,143.75262,VIC,2022-11-23,POINT (143.75262 -37.048393),25,21670,Central Goldfields (S),12496
687,-37.050602,143.75056,VIC,2022-11-13,POINT (143.75056 -37.050602),25,21670,Central Goldfields (S),12496
50,-38.28236,144.49152,VIC,2022-12-08,POINT (144.49152 -38.28236),55,22750,Greater Geelong (C),210875
61,-38.261837,144.55258,VIC,2023-03-04,POINT (144.55258 -38.261837),55,22750,Greater Geelong (C),210875
63,-38.211124,144.3685,VIC,2022-12-11,POINT (144.3685 -38.211124),55,22750,Greater Geelong (C),210875
78,-38.151844,144.38339,VIC,2022-12-11,POINT (144.38339 -38.151844),55,22750,Greater Geelong (C),210875
85,-38.003784,144.26012,VIC,2022-12-12,POINT (144.26012 -38.003784),55,22750,Greater Geelong (C),210875
100,-38.14099,144.2927,VIC,2023-02-25,POINT (144.2927 -38.14099),55,22750,Greater Geelong (C),210875
152,-38.13131,144.26524,VIC,2022-11-24,POINT (144.26524 -38.13131),55,22750,Greater Geelong (C),210875
167,-38.270237,144.51836,VIC,2022-12-05,POINT (144.51836 -38.270237),55,22750,Greater Geelong (C),210875
213,-38.092926,144.36864,VIC,2022-12-12,POINT (144.36864 -38.092926),55,22750,Greater Geelong (C),210875
267,-38.19788,144.40498,VIC,2023-03-04,POINT (144.40498 -38.19788),55,22750,Greater Geelong (C),210875
281,-38.13992,144.3174,VIC,2023-02-24,POINT (144.3174 -38.13992),55,22750,Greater Geelong (C),210875
341,-38.026623,144.47354,VIC,2023-03-04,POINT (144.47354 -38.026623),55,22750,Greater Geelong (C),210875
379,-38.018665,144.3853,VIC,2023-02-27,POINT (144.3853 -38.018665),55,22750,Greater Geelong (C),210875
515,-38.013706,144.46663,VIC,2022-12-11,POINT (144.46663 -38.013706),55,22750,Greater Geelong (C),210875
544,-38.047718,144.35393,VIC,2023-03-04,POINT (144.35393 -38.047718),55,22750,Greater Geelong (C),210875
545,-38.023823,144.40907,VIC,2023-01-18,POINT (144.40907 -38.023823),55,22750,Greater Geelong (C),210875
548,-38.178074,144.56462,VIC,2023-03-04,POINT (144.56462 -38.178074),55,22750,Greater Geelong (C),210875
563,-38.13237,144.32256,VIC,2022-11-23,POINT (144.32256 -38.13237),55,22750,Greater Geelong (C),210875
659,-38.08663,144.35062,VIC,2022-12-12,POINT (144.35062 -38.08663),55,22750,Greater Geelong (C),210875
704,-38.27022,144.51814,VIC,2022-12-05,POINT (144.51814 -38.27022),55,22750,Greater Geelong (C),210875
52,-28.478132,151.77945,QLD,2022-12-17,POINT (151.77945 -28.478132),394,36660,Southern Downs (R),33883
75,-28.482958,151.64146,QLD,2023-02-24,POINT (151.64146 -28.482958),394,36660,Southern Downs (R),33883
165,-28.202957,151.91452,QLD,2023-01-23,POINT (151.91452 -28.202957),394,36660,Southern Downs (R),33883
248,-28.002392,151.72118,QLD,2023-01-18,POINT (151.72118 -28.002392),394,36660,Southern Downs (R),33883
298,-28.215122,151.91772,QLD,2022-12-11,POINT (151.91772 -28.215122),394,36660,Southern Downs (R),33883
309,-28.478132,151.77945,QLD,2022-12-18,POINT (151.77945 -28.478132),394,36660,Southern Downs (R),33883
409,-28.658035,151.99898,QLD,2023-01-16,POINT (151.99898 -28.658035),394,36660,Southern Downs (R),33883
419,-28.082886,151.7932,QLD,2023-01-18,POINT (151.7932 -28.082886),394,36660,Southern Downs (R),33883
434,-28.022373,151.65622,QLD,2022-12-18,POINT (151.65622 -28.022373),394,36660,Southern Downs (R),33883
542,-28.482958,151.64146,QLD,2023-02-25,POINT (151.64146 -28.482958),394,36660,Southern Downs (R),33883
581,-28.022373,151.65622,QLD,2022-12-17,POINT (151.65622 -28.022373),394,36660,Southern Downs (R),33883
587,-28.73434,151.99171,QLD,2022-12-08,POINT (151.99171 -28.73434),394,36660,Southern Downs (R),33883
637,-28.207779,151.56677,QLD,2022-12-11,POINT (151.56677 -28.207779),394,36660,Southern Downs (R),33883
667,-28.73434,151.99171,QLD,2022-12-07,POINT (151.99171 -28.73434),394,36660,Southern Downs (R),33883
699,-28.120605,151.80327,QLD,2023-01-23,POINT (151.80327 -28.120605),394,36660,Southern Downs (R),33883
57,-26.467564,152.78738,QLD,2022-12-18,POINT (152.78738 -26.467564),347,33620,Gympie (R),45749
141,-26.242916,152.68367,QLD,2023-03-04,POINT (152.68367 -26.242916),347,33620,Gympie (R),45749
154,-26.079418,152.56526,QLD,2022-12-07,POINT (152.56526 -26.079418),347,33620,Gympie (R),45749
179,-26.079418,152.56526,QLD,2022-12-08,POINT (152.56526 -26.079418),347,33620,Gympie (R),45749
196,-26.221394,152.70139,QLD,2023-02-25,POINT (152.70139 -26.221394),347,33620,Gympie (R),45749
285,-26.128801,152.6125,QLD,2022-11-24,POINT (152.6125 -26.128801),347,33620,Gympie (R),45749
316,-26.127981,152.23534,QLD,2022-12-17,POINT (152.23534 -26.127981),347,33620,Gympie (R),45749
326,-26.128801,152.6125,QLD,2022-11-23,POINT (152.6125 -26.128801),347,33620,Gympie (R),45749
337,-25.947886,152.58282,QLD,2023-02-27,POINT (152.58282 -25.947886),347,33620,Gympie (R),45749
344,-26.079418,152.56526,QLD,2022-12-06,POINT (152.56526 -26.079418),347,33620,Gympie (R),45749
365,-26.10818,152.72011,QLD,2023-02-27,POINT (152.72011 -26.10818),347,33620,Gympie (R),45749
396,-26.24593,152.68259,QLD,2023-03-04,POINT (152.68259 -26.24593),347,33620,Gympie (R),45749
414,-26.079418,152.56526,QLD,2022-12-05,POINT (152.56526 -26.079418),347,33620,Gympie (R),45749
630,-26.127981,152.23534,QLD,2022-12-18,POINT (152.23534 -26.127981),347,33620,Gympie (R),45749
60,-35.999516,145.81691,VIC,2023-02-25,POINT (145.81691 -35.999516),185,24900,Moira (S),28124
231,-35.926533,145.6506,VIC,2023-02-25,POINT (145.6506 -35.926533),185,24900,Moira (S),28124
277,-35.9986,145.9537,VIC,2022-12-17,POINT (145.9537 -35.9986),185,24900,Moira (S),28124
464,-35.92532,145.67218,VIC,2023-03-04,POINT (145.67218 -35.92532),185,24900,Moira (S),28124
514,-35.920002,145.65825,VIC,2022-12-07,POINT (145.65825 -35.920002),185,24900,Moira (S),28124
529,-36.078136,145.45268,VIC,2023-02-27,POINT (145.45268 -36.078136),185,24900,Moira (S),28124
647,-36.09605,145.44708,VIC,2023-02-25,POINT (145.44708 -36.09605),185,24900,Moira (S),28124
690,-35.926426,145.65092,VIC,2023-02-25,POINT (145.65092 -35.926426),185,24900,Moira (S),28124
62,-37.77308,145.29987,VIC,2022-12-03,POINT (145.29987 -37.77308),126,24410,Maroondah (C),103839
369,-37.79221,145.23537,VIC,2023-02-25,POINT (145.23537 -37.79221),126,24410,Maroondah (C),103839
598,-37.82998,145.2559,VIC,2023-02-23,POINT (145.2559 -37.82998),126,24410,Maroondah (C),103839
633,-37.83023,145.25726,VIC,2023-02-23,POINT (145.25726 -37.83023),126,24410,Maroondah (C),103839
67,-35.982,147.3217,VIC,2023-01-18,POINT (147.3217 -35.982),304,13340,Greater Hume Shire (A),9815
70,-22.346642,147.74918,QLD,2023-02-24,POINT (147.74918 -22.346642),365,33980,Isaac (R),22588
149,-22.605082,148.3544,QLD,2022-11-23,POINT (148.3544 -22.605082),365,33980,Isaac (R),22588
351,-21.9346,149.2454,QLD,2022-11-08,POINT (149.2454 -21.9346),365,33980,Isaac (R),22588
626,-22.605082,148.3544,QLD,2022-11-24,POINT (148.3544 -22.605082),365,33980,Isaac (R),22588
71,-37.063934,145.10016,VIC,2022-12-03,POINT (145.10016 -37.063934),184,24850,Mitchell (S),34637
338,-37.01995,145.12975,VIC,2022-12-03,POINT (145.12975 -37.01995),184,24850,Mitchell (S),34637
346,-37.0198,145.1377,VIC,2022-12-11,POINT (145.1377 -37.0198),184,24850,Mitchell (S),34637
410,-37.41807,145.02803,VIC,2023-01-18,POINT (145.02803 -37.41807),184,24850,Mitchell (S),34637
609,-37.02143,144.84164,VIC,2023-02-27,POINT (144.84164 -37.02143),184,24850,Mitchell (S),34637
72,-27.457563,153.14774,QLD,2022-12-17,POINT (153.14774 -27.457563),285,31000,Brisbane (C),1041839
155,-27.553158,153.05087,QLD,2022-12-17,POINT (153.05087 -27.553158),285,31000,Brisbane (C),1041839
274,-27.474804,153.14514,QLD,2022-12-03,POINT (153.14514 -27.474804),285,31000,Brisbane (C),1041839
416,-27.435038,152.81073,QLD,2022-12-08,POINT (152.81073 -27.435038),285,31000,Brisbane (C),1041839
442,-27.59055,152.94852,QLD,2022-12-11,POINT (152.94852 -27.59055),285,31000,Brisbane (C),1041839
477,-27.592644,153.04109,QLD,2023-01-17,POINT (153.04109 -27.592644),285,31000,Brisbane (C),1041839
572,-27.474295,153.10736,QLD,2023-03-04,POINT (153.10736 -27.474295),285,31000,Brisbane (C),1041839
662,-27.435038,152.81073,QLD,2022-12-07,POINT (152.81073 -27.435038),285,31000,Brisbane (C),1041839
73,-37.557343,143.89801,VIC,2023-01-16,POINT (143.89801 -37.557343),1,20570,Ballarat (C),93501
93,-37.59405,143.81265,VIC,2022-12-12,POINT (143.81265 -37.59405),1,20570,Ballarat (C),93501
110,-37.53994,143.83057,VIC,2022-11-13,POINT (143.83057 -37.53994),1,20570,Ballarat (C),93501
220,-37.582848,143.85744,VIC,2023-02-24,POINT (143.85744 -37.582848),1,20570,Ballarat (C),93501
358,-37.563225,143.8708,VIC,2023-02-27,POINT (143.8708 -37.563225),1,20570,Ballarat (C),93501
371,-37.557175,143.86569,VIC,2022-11-30,POINT (143.86569 -37.557175),1,20570,Ballarat (C),93501
441,-37.592117,143.86572,VIC,2023-02-24,POINT (143.86572 -37.592117),1,20570,Ballarat (C),93501
468,-37.550667,143.91182,VIC,2023-02-25,POINT (143.91182 -37.550667),1,20570,Ballarat (C),93501
522,-37.566196,143.86037,VIC,2022-12-11,POINT (143.86037 -37.566196),1,20570,Ballarat (C),93501
536,-37.526382,143.82161,VIC,2022-12-05,POINT (143.82161 -37.526382),1,20570,Ballarat (C),93501
697,-37.54205,143.86221,VIC,2023-01-17,POINT (143.86221 -37.54205),1,20570,Ballarat (C),93501
703,-37.562412,143.8667,VIC,2022-12-05,POINT (143.8667 -37.562412),1,20570,Ballarat (C),93501
76,-37.29916,145.3244,VIC,2023-02-25,POINT (145.3244 -37.29916),198,25620,Murrindindi (S),13058
84,-37.35759,145.28409,VIC,2022-12-06,POINT (145.28409 -37.35759),198,25620,Murrindindi (S),13058
129,-37.124805,145.78004,VIC,2023-03-04,POINT (145.78004 -37.124805),198,25620,Murrindindi (S),13058
232,-37.29916,145.3244,VIC,2023-02-27,POINT (145.3244 -37.29916),198,25620,Murrindindi (S),13058
242,-37.52062,145.33946,VIC,2022-12-17,POINT (145.33946 -37.52062),198,25620,Murrindindi (S),13058
364,-37.29916,145.3244,VIC,2023-02-24,POINT (145.3244 -37.29916),198,25620,Murrindindi (S),13058
370,-37.41816,145.68852,VIC,2023-03-04,POINT (145.68852 -37.41816),198,25620,Murrindindi (S),13058
458,-37.29916,145.3244,VIC,2023-03-04,POINT (145.3244 -37.29916),198,25620,Murrindindi (S),13058
571,-37.331654,145.28821,VIC,2023-02-25,POINT (145.28821 -37.331654),198,25620,Murrindindi (S),13058
669,-37.29916,145.3244,VIC,2023-02-23,POINT (145.3244 -37.29916),198,25620,Murrindindi (S),13058
77,-37.307545,144.07962,VIC,2023-02-25,POINT (144.07962 -37.307545),57,22910,Hepburn (S),14367
262,-37.307545,144.07962,VIC,2023-02-23,POINT (144.07962 -37.307545),57,22910,Hepburn (S),14367
353,-37.307545,144.07962,VIC,2023-02-24,POINT (144.07962 -37.307545),57,22910,Hepburn (S),14367
463,-37.35874,144.08905,VIC,2023-03-04,POINT (144.08905 -37.35874),57,22910,Hepburn (S),14367
478,-37.281178,143.77135,VIC,2023-02-23,POINT (143.77135 -37.281178),57,22910,Hepburn (S),14367
80,-37.83509,144.72397,VIC,2023-02-24,POINT (144.72397 -37.83509),273,27260,Wyndham (C),161575
99,-37.965126,144.50046,VIC,2023-02-24,POINT (144.50046 -37.965126),273,27260,Wyndham (C),161575
102,-37.836384,144.69102,VIC,2023-02-27,POINT (144.69102 -37.836384),273,27260,Wyndham (C),161575
120,-37.866276,144.68684,VIC,2022-12-05,POINT (144.68684 -37.866276),273,27260,Wyndham (C),161575
170,-37.847874,144.66045,VIC,2022-12-12,POINT (144.66045 -37.847874),273,27260,Wyndham (C),161575
180,-37.888474,144.69115,VIC,2022-12-11,POINT (144.69115 -37.888474),273,27260,Wyndham (C),161575
184,-37.92308,144.55919,VIC,2022-12-17,POINT (144.55919 -37.92308),273,27260,Wyndham (C),161575
202,-37.914154,144.78378,VIC,2023-02-24,POINT (144.78378 -37.914154),273,27260,Wyndham (C),161575
206,-37.877,144.68002,VIC,2023-01-16,POINT (144.68002 -37.877),273,27260,Wyndham (C),161575
222,-37.896534,144.63916,VIC,2023-02-23,POINT (144.63916 -37.896534),273,27260,Wyndham (C),161575
269,-37.890755,144.68626,VIC,2022-12-11,POINT (144.68626 -37.890755),273,27260,Wyndham (C),161575
282,-37.799618,144.64766,VIC,2022-12-08,POINT (144.64766 -37.799618),273,27260,Wyndham (C),161575
304,-37.842163,144.71423,VIC,2022-11-23,POINT (144.71423 -37.842163),273,27260,Wyndham (C),161575
340,-37.877,144.68002,VIC,2022-12-11,POINT (144.68002 -37.877),273,27260,Wyndham (C),161575
347,-37.87333,144.72327,VIC,2022-12-12,POINT (144.72327 -37.87333),273,27260,Wyndham (C),161575
398,-37.834206,144.69109,VIC,2022-12-12,POINT (144.69109 -37.834206),273,27260,Wyndham (C),161575
430,-37.90468,144.65486,VIC,2022-12-05,POINT (144.65486 -37.90468),273,27260,Wyndham (C),161575
439,-37.844906,144.72142,VIC,2023-02-24,POINT (144.72142 -37.844906),273,27260,Wyndham (C),161575
451,-37.889896,144.62372,VIC,2022-12-03,POINT (144.62372 -37.889896),273,27260,Wyndham (C),161575
513,-37.870148,144.68404,VIC,2022-12-06,POINT (144.68404 -37.870148),273,27260,Wyndham (C),161575
519,-37.90841,144.66492,VIC,2023-01-23,POINT (144.66492 -37.90841),273,27260,Wyndham (C),161575
567,-37.88256,144.63702,VIC,2022-12-11,POINT (144.63702 -37.88256),273,27260,Wyndham (C),161575
597,-37.86093,144.70445,VIC,2023-02-23,POINT (144.70445 -37.86093),273,27260,Wyndham (C),161575
611,-37.952724,144.72173,VIC,2022-12-05,POINT (144.72173 -37.952724),273,27260,Wyndham (C),161575
681,-37.912945,144.68318,VIC,2023-03-04,POINT (144.68318 -37.912945),273,27260,Wyndham (C),161575
81,-37.3588,146.7922,VIC,2023-01-18,POINT (146.7922 -37.3588),263,26810,Wellington (S),41440
114,-38.014294,146.69765,VIC,2022-11-30,POINT (146.69765 -38.014294),263,26810,Wellington (S),41440
192,-37.6573,147.1202,VIC,2023-02-24,POINT (147.1202 -37.6573),263,26810,Wellington (S),41440
432,-37.973606,147.09496,VIC,2022-12-11,POINT (147.09496 -37.973606),263,26810,Wellington (S),41440
474,-37.972633,147.08397,VIC,2022-12-11,POINT (147.08397 -37.972633),263,26810,Wellington (S),41440
510,-37.748,146.7026,VIC,2023-02-23,POINT (146.7026 -37.748),263,26810,Wellington (S),41440
528,-38.087307,147.04819,VIC,2023-02-25,POINT (147.04819 -38.087307),263,26810,Wellington (S),41440
550,-37.3588,146.7922,VIC,2023-01-23,POINT (146.7922 -37.3588),263,26810,Wellington (S),41440
564,-37.974556,146.9862,VIC,2023-02-23,POINT (146.9862 -37.974556),263,26810,Wellington (S),41440
602,-38.135056,146.935,VIC,2022-12-11,POINT (146.935 -38.135056),263,26810,Wellington (S),41440
608,-37.748,146.7026,VIC,2023-02-24,POINT (146.7026 -37.748),263,26810,Wellington (S),41440
644,-37.3588,146.7877,VIC,2023-01-17,POINT (146.7877 -37.3588),263,26810,Wellington (S),41440
680,-37.6573,147.1202,VIC,2023-02-23,POINT (147.1202 -37.6573),263,26810,Wellington (S),41440
90,-27.58095,152.28123,QLD,2022-12-07,POINT (152.28123 -27.58095),368,34580,Lockyer Valley (R),34954
112,-27.57046,152.01544,QLD,2023-02-27,POINT (152.01544 -27.57046),368,34580,Lockyer Valley (R),34954
119,-27.512629,152.21939,QLD,2022-11-24,POINT (152.21939 -27.512629),368,34580,Lockyer Valley (R),34954
389,-27.512629,152.21939,QLD,2022-11-23,POINT (152.21939 -27.512629),368,34580,Lockyer Valley (R),34954
411,-27.465202,152.31767,QLD,2022-11-08,POINT (152.31767 -27.465202),368,34580,Lockyer Valley (R),34954
623,-27.584915,152.25745,QLD,2023-01-18,POINT (152.25745 -27.584915),368,34580,Lockyer Valley (R),34954
91,-25.341524,152.79936,QLD,2022-12-07,POINT (152.79936 -25.341524),326,33220,Fraser Coast (R),95312
137,-25.316265,152.69698,QLD,2023-03-04,POINT (152.69698 -25.316265),326,33220,Fraser Coast (R),95312
367,-25.822678,152.63437,QLD,2022-12-18,POINT (152.63437 -25.822678),326,33220,Fraser Coast (R),95312
663,-25.724508,152.59628,QLD,2022-12-12,POINT (152.59628 -25.724508),326,33220,Fraser Coast (R),95312
94,-36.465183,141.65572,VIC,2023-01-17,POINT (141.65572 -36.465183),85,22980,Hindmarsh (S),5798
115,-36.153828,141.55464,VIC,2023-01-17,POINT (141.55464 -36.153828),85,22980,Hindmarsh (S),5798
134,-36.463,141.644,VIC,2023-01-17,POINT (141.644 -36.463),85,22980,Hindmarsh (S),5798
135,-35.98158,141.91934,VIC,2023-02-23,POINT (141.91934 -35.98158),85,22980,Hindmarsh (S),5798
363,-35.995598,141.9217,VIC,2023-02-23,POINT (141.9217 -35.995598),85,22980,Hindmarsh (S),5798
436,-36.333885,141.65584,VIC,2023-01-17,POINT (141.65584 -36.333885),85,22980,Hindmarsh (S),5798
612,-36.418343,141.79079,VIC,2023-01-17,POINT (141.79079 -36.418343),85,22980,Hindmarsh (S),5798
96,-19.326307,146.67657,QLD,2022-11-08,POINT (146.67657 -19.326307),415,37010,Townsville (C),174462
101,-38.072468,145.47606,VIC,2023-02-27,POINT (145.47606 -38.072468),23,21450,Cardinia (S),74176
174,-37.942165,145.50078,VIC,2022-12-05,POINT (145.50078 -37.942165),23,21450,Cardinia (S),74176
176,-38.098934,145.7155,VIC,2022-11-13,POINT (145.7155 -38.098934),23,21450,Cardinia (S),74176
191,-38.21861,145.52289,VIC,2023-02-23,POINT (145.52289 -38.21861),23,21450,Cardinia (S),74176
201,-38.054455,145.47343,VIC,2023-02-23,POINT (145.47343 -38.054455),23,21450,Cardinia (S),74176
481,-38.264652,145.56502,VIC,2022-12-08,POINT (145.56502 -38.264652),23,21450,Cardinia (S),74176
670,-38.200905,145.485,VIC,2022-12-11,POINT (145.485 -38.200905),23,21450,Cardinia (S),74176
107,-17.576881,146.0782,QLD,2022-12-18,POINT (146.0782 -17.576881),309,32260,Cassowary Coast (R),27668
433,-17.576881,146.0782,QLD,2022-12-17,POINT (146.0782 -17.576881),309,32260,Cassowary Coast (R),27668
688,-17.700628,146.0584,QLD,2022-11-23,POINT (146.0584 -17.700628),309,32260,Cassowary Coast (R),27668
108,-36.8415,146.85083,VIC,2023-01-17,POINT (146.85083 -36.8415),564,20110,Alpine (S),11881
289,-36.701637,147.19142,VIC,2022-12-17,POINT (147.19142 -36.701637),564,20110,Alpine (S),11881
368,-36.553783,146.72246,VIC,2023-02-24,POINT (146.72246 -36.553783),564,20110,Alpine (S),11881
446,-36.6699,146.7012,VIC,2023-01-16,POINT (146.7012 -36.6699),564,20110,Alpine (S),11881
484,-36.583675,146.72462,VIC,2022-12-11,POINT (146.72462 -36.583675),564,20110,Alpine (S),11881
485,-36.664,146.9485,VIC,2023-01-16,POINT (146.9485 -36.664),564,20110,Alpine (S),11881
685,-36.89656,147.0696,VIC,2023-01-17,POINT (147.0696 -36.89656),564,20110,Alpine (S),11881
109,-22.621323,145.37865,QLD,2022-11-08,POINT (145.37865 -22.621323),281,30410,Barcaldine (R),3215
163,-23.651413,146.68744,QLD,2022-11-08,POINT (146.68744 -23.651413),281,30410,Barcaldine (R),3215
215,-23.935514,145.82114,QLD,2022-12-17,POINT (145.82114 -23.935514),281,30410,Barcaldine (R),3215
116,-37.00912,142.61943,VIC,2023-01-18,POINT (142.61943 -37.00912),200,25810,Northern Grampians (S),11845
615,-36.863792,142.60176,VIC,2023-02-23,POINT (142.60176 -36.863792),200,25810,Northern Grampians (S),11845
635,-37.054047,142.63239,VIC,2022-12-11,POINT (142.63239 -37.054047),200,25810,Northern Grampians (S),11845
123,-28.99909,147.28197,QLD,2023-02-23,POINT (147.28197 -28.99909),235,11200,Brewarrina (A),1766
422,-28.99909,147.28197,QLD,2023-02-24,POINT (147.28197 -28.99909),235,11200,Brewarrina (A),1766
632,-28.99909,147.28197,QLD,2023-02-22,POINT (147.28197 -28.99909),235,11200,Brewarrina (A),1766
125,-23.961472,151.29115,QLD,2022-11-24,POINT (151.29115 -23.961472),346,33360,Gladstone (R),57891
146,-23.868252,151.24089,QLD,2023-02-27,POINT (151.24089 -23.868252),346,33360,Gladstone (R),57891
253,-24.104218,150.79681,QLD,2022-12-17,POINT (150.79681 -24.104218),346,33360,Gladstone (R),57891
301,-24.61648,151.67229,QLD,2022-11-24,POINT (151.67229 -24.61648),346,33360,Gladstone (R),57891
315,-23.810537,150.98215,QLD,2022-12-12,POINT (150.98215 -23.810537),346,33360,Gladstone (R),57891
391,-24.318802,151.75119,QLD,2023-03-04,POINT (151.75119 -24.318802),346,33360,Gladstone (R),57891
449,-23.86554,151.25229,QLD,2023-02-27,POINT (151.25229 -23.86554),346,33360,Gladstone (R),57891
480,-24.004093,151.26822,QLD,2023-03-04,POINT (151.26822 -24.004093),346,33360,Gladstone (R),57891
482,-24.61648,151.67229,QLD,2022-11-23,POINT (151.67229 -24.61648),346,33360,Gladstone (R),57891
634,-23.991982,151.2293,QLD,2023-03-04,POINT (151.2293 -23.991982),346,33360,Gladstone (R),57891
127,-27.748716,147.39299,QLD,2023-02-24,POINT (147.39299 -27.748716),379,34860,Maranoa (R),13076
230,-27.748716,147.39299,QLD,2023-02-25,POINT (147.39299 -27.748716),379,34860,Maranoa (R),13076
471,-26.396446,147.99396,QLD,2022-12-17,POINT (147.99396 -26.396446),379,34860,Maranoa (R),13076
531,-27.626204,149.0515,QLD,2022-12-12,POINT (149.0515 -27.626204),379,34860,Maranoa (R),13076
557,-27.626204,149.0515,QLD,2022-12-11,POINT (149.0515 -27.626204),379,34860,Maranoa (R),13076
689,-27.748716,147.39299,QLD,2023-02-23,POINT (147.39299 -27.748716),379,34860,Maranoa (R),13076
130,-37.35533,144.73422,VIC,2022-12-11,POINT (144.73422 -37.35533),84,24130,Macedon Ranges (S),41860
243,-37.2153,144.6682,VIC,2023-01-16,POINT (144.6682 -37.2153),84,24130,Macedon Ranges (S),41860
406,-37.262066,144.6181,VIC,2022-12-11,POINT (144.6181 -37.262066),84,24130,Macedon Ranges (S),41860
450,-37.494503,144.6094,VIC,2022-12-03,POINT (144.6094 -37.494503),84,24130,Macedon Ranges (S),41860
502,-37.306408,144.56331,VIC,2022-12-17,POINT (144.56331 -37.306408),84,24130,Macedon Ranges (S),41860
565,-37.189842,144.39252,VIC,2023-02-27,POINT (144.39252 -37.189842),84,24130,Macedon Ranges (S),41860
628,-37.25229,144.61536,VIC,2022-12-11,POINT (144.61536 -37.25229),84,24130,Macedon Ranges (S),41860
636,-37.326805,144.58772,VIC,2022-12-11,POINT (144.58772 -37.326805),84,24130,Macedon Ranges (S),41860
132,-36.75608,145.17389,VIC,2022-12-17,POINT (145.17389 -36.75608),208,26430,Strathbogie (S),9486
290,-36.875443,145.66638,VIC,2022-12-17,POINT (145.66638 -36.875443),208,26430,Strathbogie (S),9486
329,-36.851315,145.33522,VIC,2022-12-06,POINT (145.33522 -36.851315),208,26430,Strathbogie (S),9486
624,-36.8537,145.6438,VIC,2023-01-23,POINT (145.6438 -36.8537),208,26430,Strathbogie (S),9486
668,-36.799072,145.47484,VIC,2023-01-23,POINT (145.47484 -36.799072),208,26430,Strathbogie (S),9486
133,-26.587248,151.79637,QLD,2022-12-17,POINT (151.79637 -26.587248),399,36630,South Burnett (R),31028
296,-26.707018,151.80916,QLD,2023-02-23,POINT (151.80916 -26.707018),399,36630,South Burnett (R),31028
312,-26.702448,151.80362,QLD,2023-02-24,POINT (151.80362 -26.702448),399,36630,South Burnett (R),31028
332,-26.680536,151.9511,QLD,2023-01-17,POINT (151.9511 -26.680536),399,36630,South Burnett (R),31028
418,-26.336527,151.87831,QLD,2022-12-12,POINT (151.87831 -26.336527),399,36630,South Burnett (R),31028
489,-26.868168,152.12665,QLD,2023-01-23,POINT (152.12665 -26.868168),399,36630,South Burnett (R),31028
649,-26.364124,151.509,QLD,2022-11-30,POINT (151.509 -26.364124),399,36630,South Burnett (R),31028
144,-37.34848,143.08162,VIC,2023-02-24,POINT (143.08162 -37.34848),0,20260,Ararat (RC),11183
200,-37.34848,143.08162,VIC,2023-02-23,POINT (143.08162 -37.34848),0,20260,Ararat (RC),11183
223,-37.28271,142.92773,VIC,2022-12-05,POINT (142.92773 -37.28271),0,20260,Ararat (RC),11183
280,-37.3746,143.1029,VIC,2023-02-24,POINT (143.1029 -37.3746),0,20260,Ararat (RC),11183
461,-37.3746,143.1029,VIC,2023-02-23,POINT (143.1029 -37.3746),0,20260,Ararat (RC),11183
655,-37.34848,143.08162,VIC,2023-02-25,POINT (143.08162 -37.34848),0,20260,Ararat (RC),11183
157,-36.5985,141.8855,VIC,2023-01-17,POINT (141.8855 -36.5985),87,23190,Horsham (RC),19279
343,-36.72306,142.20493,VIC,2022-11-30,POINT (142.20493 -36.72306),87,23190,Horsham (RC),19279
162,-37.49517,145.07819,VIC,2023-01-18,POINT (145.07819 -37.49517),271,27070,Whittlesea (C),154880
169,-37.607983,145.11725,VIC,2022-12-11,POINT (145.11725 -37.607983),271,27070,Whittlesea (C),154880
208,-37.49612,145.08417,VIC,2023-01-18,POINT (145.08417 -37.49612),271,27070,Whittlesea (C),154880
210,-37.629486,145.03377,VIC,2022-12-05,POINT (145.03377 -37.629486),271,27070,Whittlesea (C),154880
311,-37.537895,144.99786,VIC,2023-02-23,POINT (144.99786 -37.537895),271,27070,Whittlesea (C),154880
323,-37.635185,145.03357,VIC,2022-12-18,POINT (145.03357 -37.635185),271,27070,Whittlesea (C),154880
325,-37.495956,145.08447,VIC,2023-01-18,POINT (145.08447 -37.495956),271,27070,Whittlesea (C),154880
372,-37.527428,145.1136,VIC,2022-12-03,POINT (145.1136 -37.527428),271,27070,Whittlesea (C),154880
385,-37.63711,145.0199,VIC,2022-11-30,POINT (145.0199 -37.63711),271,27070,Whittlesea (C),154880
401,-37.64728,145.00882,VIC,2023-02-24,POINT (145.00882 -37.64728),271,27070,Whittlesea (C),154880
438,-37.659615,145.08699,VIC,2023-02-24,POINT (145.08699 -37.659615),271,27070,Whittlesea (C),154880
452,-37.598835,144.9893,VIC,2022-12-05,POINT (144.9893 -37.598835),271,27070,Whittlesea (C),154880
462,-37.614353,145.10252,VIC,2023-02-24,POINT (145.10252 -37.614353),271,27070,Whittlesea (C),154880
465,-37.656906,145.08167,VIC,2022-12-18,POINT (145.08167 -37.656906),271,27070,Whittlesea (C),154880
512,-37.650856,145.09042,VIC,2023-03-04,POINT (145.09042 -37.650856),271,27070,Whittlesea (C),154880
556,-37.62143,145.00691,VIC,2022-12-07,POINT (145.00691 -37.62143),271,27070,Whittlesea (C),154880
665,-37.552807,145.031,VIC,2022-12-12,POINT (145.031 -37.552807),271,27070,Whittlesea (C),154880
677,-37.485706,145.18835,VIC,2022-12-11,POINT (145.18835 -37.485706),271,27070,Whittlesea (C),154880
702,-37.587006,145.10326,VIC,2022-12-03,POINT (145.10326 -37.587006),271,27070,Whittlesea (C),154880
178,-36.343536,147.29393,VIC,2023-03-04,POINT (147.29393 -36.343536),230,26670,Towong (S),5891
203,-36.429756,147.41423,VIC,2023-03-04,POINT (147.41423 -36.429756),230,26670,Towong (S),5891
190,-37.866333,145.24928,VIC,2023-02-23,POINT (145.24928 -37.866333),81,23670,Knox (C),149300
292,-37.87687,145.20198,VIC,2023-01-17,POINT (145.20198 -37.87687),81,23670,Knox (C),149300
399,-37.87102,145.2337,VIC,2022-11-08,POINT (145.2337 -37.87102),81,23670,Knox (C),149300
488,-37.912907,145.21623,VIC,2023-01-17,POINT (145.21623 -37.912907),81,23670,Knox (C),149300
520,-37.928226,145.23885,VIC,2022-11-23,POINT (145.23885 -37.928226),81,23670,Knox (C),149300
607,-37.88299,145.25737,VIC,2022-11-23,POINT (145.25737 -37.88299),81,23670,Knox (C),149300
640,-37.846214,145.21722,VIC,2023-01-18,POINT (145.21722 -37.846214),81,23670,Knox (C),149300
645,-37.869667,145.2383,VIC,2023-01-23,POINT (145.2383 -37.869667),81,23670,Knox (C),149300
198,-27.980417,153.07127,QLD,2022-12-11,POINT (153.07127 -27.980417),397,36510,Scenic Rim (R),36456
413,-27.887589,152.48444,QLD,2023-03-04,POINT (152.48444 -27.887589),397,36510,Scenic Rim (R),36456
453,-27.98736,153.02248,QLD,2022-12-11,POINT (153.02248 -27.98736),397,36510,Scenic Rim (R),36456
516,-27.980417,153.07127,QLD,2022-12-12,POINT (153.07127 -27.980417),397,36510,Scenic Rim (R),36456
523,-27.985723,153.06987,QLD,2022-12-12,POINT (153.06987 -27.985723),397,36510,Scenic Rim (R),36456
596,-27.929663,153.19255,QLD,2022-11-08,POINT (153.19255 -27.929663),397,36510,Scenic Rim (R),36456
199,-37.1583,141.375,VIC,2023-01-17,POINT (141.375 -37.1583),269,26890,West Wimmera (S),4251
291,-37.169373,141.374,VIC,2023-01-16,POINT (141.374 -37.169373),269,26890,West Wimmera (S),4251
420,-36.996483,140.9981,VIC,2023-01-18,POINT (140.9981 -36.996483),269,26890,West Wimmera (S),4251
595,-37.1583,141.375,VIC,2023-01-16,POINT (141.375 -37.1583),269,26890,West Wimmera (S),4251
613,-37.22975,141.29309,VIC,2023-01-17,POINT (141.29309 -37.22975),269,26890,West Wimmera (S),4251
643,-37.2297,141.2931,VIC,2023-01-16,POINT (141.2931 -37.2297),269,26890,West Wimmera (S),4251
652,-37.169373,141.374,VIC,2023-01-17,POINT (141.374 -37.169373),269,26890,West Wimmera (S),4251
684,-37.23154,141.2829,VIC,2023-01-16,POINT (141.2829 -37.23154),269,26890,West Wimmera (S),4251
695,-37.1484,141.3806,VIC,2023-01-16,POINT (141.3806 -37.1484),269,26890,West Wimmera (S),4251
707,-37.23154,141.2829,VIC,2023-01-17,POINT (141.2829 -37.23154),269,26890,West Wimmera (S),4251
211,-38.65943,146.2081,VIC,2022-12-05,POINT (146.2081 -38.65943),211,26170,South Gippsland (S),27208
387,-38.58354,146.17232,VIC,2023-01-17,POINT (146.17232 -38.58354),211,26170,South Gippsland (S),27208
507,-38.53005,145.88013,VIC,2022-12-11,POINT (145.88013 -38.53005),211,26170,South Gippsland (S),27208
606,-38.406467,145.76169,VIC,2023-01-17,POINT (145.76169 -38.406467),211,26170,South Gippsland (S),27208
214,-22.038334,145.66472,QLD,2022-12-17,POINT (145.66472 -22.038334),311,32310,Charters Towers (R),12169
650,-22.038334,145.66472,QLD,2022-12-18,POINT (145.66472 -22.038334),311,32310,Charters Towers (R),12169
219,-37.598637,141.69707,VIC,2022-11-23,POINT (141.69707 -37.598637),212,26260,Southern Grampians (S),16359
497,-37.5851,142.3172,VIC,2023-01-17,POINT (142.3172 -37.5851),212,26260,Southern Grampians (S),16359
221,-38.63482,145.73254,VIC,2023-03-04,POINT (145.73254 -38.63482),4,20740,Bass Coast (S),29614
300,-38.605755,145.59216,VIC,2023-02-24,POINT (145.59216 -38.605755),4,20740,Bass Coast (S),29614
470,-38.609627,145.58234,VIC,2022-12-11,POINT (145.58234 -38.609627),4,20740,Bass Coast (S),29614
476,-38.6285,145.71684,VIC,2023-01-16,POINT (145.71684 -38.6285),4,20740,Bass Coast (S),29614
509,-38.46131,145.23859,VIC,2022-12-12,POINT (145.23859 -38.46131),4,20740,Bass Coast (S),29614
224,-36.390625,146.44482,VIC,2022-11-13,POINT (146.44482 -36.390625),231,26700,Wangaratta (RC),26815
276,-36.35363,146.32788,VIC,2022-12-11,POINT (146.32788 -36.35363),231,26700,Wangaratta (RC),26815
303,-36.36574,146.30498,VIC,2022-11-13,POINT (146.30498 -36.36574),231,26700,Wangaratta (RC),26815
541,-36.348625,146.30222,VIC,2023-02-24,POINT (146.30222 -36.348625),231,26700,Wangaratta (RC),26815
228,-38.330692,143.61203,VIC,2022-12-17,POINT (143.61203 -38.330692),26,21750,Colac-Otway (S),20345
336,-38.717113,143.64125,VIC,2022-11-23,POINT (143.64125 -38.717113),26,21750,Colac-Otway (S),20345
361,-38.39425,143.55571,VIC,2022-12-17,POINT (143.55571 -38.39425),26,21750,Colac-Otway (S),20345
610,-38.294308,143.53912,VIC,2023-03-04,POINT (143.53912 -38.294308),26,21750,Colac-Otway (S),20345
236,-38.348778,142.55765,VIC,2022-11-30,POINT (142.55765 -38.348778),197,25490,Moyne (S),15955
320,-38.28428,142.66241,VIC,2022-12-06,POINT (142.66241 -38.28428),197,25490,Moyne (S),15955
641,-38.39539,142.6277,VIC,2022-11-08,POINT (142.6277 -38.39539),197,25490,Moyne (S),15955
237,-19.50167,147.07755,QLD,2022-12-11,POINT (147.07755 -19.50167),305,31900,Burdekin (S),17364
241,-27.353422,152.82849,QLD,2022-12-12,POINT (152.82849 -27.353422),380,35010,Moreton Bay (R),378045
355,-27.070765,152.95218,QLD,2022-12-05,POINT (152.95218 -27.070765),380,35010,Moreton Bay (R),378045
479,-27.24975,152.82793,QLD,2023-02-24,POINT (152.82793 -27.24975),380,35010,Moreton Bay (R),378045
558,-27.353422,152.82849,QLD,2022-12-11,POINT (152.82849 -27.353422),380,35010,Moreton Bay (R),378045
246,-37.72968,145.09462,VIC,2022-12-11,POINT (145.09462 -37.72968),2,20660,Banyule (C),118306
255,-36.426514,142.29106,VIC,2023-01-17,POINT (142.29106 -36.426514),276,27630,Yarriambiack (S),7088
455,-36.4291,142.2785,VIC,2023-01-17,POINT (142.2785 -36.4291),276,27630,Yarriambiack (S),7088
261,-16.661812,145.56557,QLD,2022-12-11,POINT (145.56557 -16.661812),307,32070,Cairns (R),156169
345,-16.720814,145.6413,QLD,2022-12-11,POINT (145.6413 -16.720814),307,32070,Cairns (R),156169
397,-16.188057,145.14917,QLD,2022-11-24,POINT (145.14917 -16.188057),307,32070,Cairns (R),156169
426,-16.723282,145.64322,QLD,2022-11-08,POINT (145.64322 -16.723282),307,32070,Cairns (R),156169
525,-16.188057,145.14917,QLD,2022-11-23,POINT (145.14917 -16.188057),307,32070,Cairns (R),156169
530,-16.661812,145.56557,QLD,2022-12-12,POINT (145.56557 -16.661812),307,32070,Cairns (R),156169
532,-16.720814,145.6413,QLD,2022-12-12,POINT (145.6413 -16.720814),307,32070,Cairns (R),156169
271,-10.581555,142.22308,QLD,2022-11-08,POINT (142.22308 -10.581555),413,36950,Torres (S),3256
297,-28.998573,147.46667,QLD,2023-02-24,POINT (147.46667 -28.998573),279,30300,Balonne (S),4720
533,-28.882881,148.93373,QLD,2023-02-24,POINT (148.93373 -28.882881),279,30300,Balonne (S),4720
675,-28.882881,148.93373,QLD,2023-02-25,POINT (148.93373 -28.882881),279,30300,Balonne (S),4720
317,-27.75108,152.81235,QLD,2023-01-17,POINT (152.81235 -27.75108),364,33960,Ipswich (C),166904
381,-27.75108,152.81235,QLD,2023-01-16,POINT (152.81235 -27.75108),364,33960,Ipswich (C),166904
417,-27.602186,152.75587,QLD,2022-12-12,POINT (152.75587 -27.602186),364,33960,Ipswich (C),166904
614,-27.75108,152.81235,QLD,2023-01-18,POINT (152.81235 -27.75108),364,33960,Ipswich (C),166904
698,-27.666136,152.86102,QLD,2023-01-23,POINT (152.86102 -27.666136),364,33960,Ipswich (C),166904
380,-38.040962,145.12955,VIC,2022-12-11,POINT (145.12955 -38.040962),80,23430,Kingston (C),142425
638,-38.052254,145.12904,VIC,2022-12-17,POINT (145.12904 -38.052254),80,23430,Kingston (C),142425
408,-24.972033,152.37866,QLD,2022-12-17,POINT (152.37866 -24.972033),287,31820,Bundaberg (R),89810
504,-25.06535,151.67644,QLD,2022-11-23,POINT (151.67644 -25.06535),287,31820,Bundaberg (R),89810
555,-24.905954,151.79196,QLD,2022-12-06,POINT (151.79196 -24.905954),287,31820,Bundaberg (R),89810
691,-24.710318,152.26982,QLD,2023-03-04,POINT (152.26982 -24.710318),287,31820,Bundaberg (R),89810
701,-25.06535,151.67644,QLD,2022-11-24,POINT (151.67644 -25.06535),287,31820,Bundaberg (R),89810
473,-21.433786,149.24089,QLD,2022-12-06,POINT (149.24089 -21.433786),371,34770,Mackay (R),112798
508,-21.137161,148.55675,QLD,2022-12-12,POINT (148.55675 -21.137161),371,34770,Mackay (R),112798
487,-28.101805,153.40236,QLD,2022-12-11,POINT (153.40236 -28.101805),345,33430,Gold Coast (C),494501
618,-24.838646,146.77771,QLD,2023-02-25,POINT (146.77771 -24.838646),283,30760,Blackall Tambo (R),2200
646,-24.838646,146.77771,QLD,2023-02-24,POINT (146.77771 -24.838646),283,30760,Blackall Tambo (R),2200
